epoch,train_loss,train_recon_loss,train_kl_loss,valid_loss,valid_recon_loss,valid_kl_loss,l2_loss
0,114.15577697753906,107.99958801269531,258.30377197265625,105.11695098876953,105.11695098876953,146.46900939941406,0.0
1,107.74845123291016,104.33854675292969,24.408788681030273,103.82649993896484,103.82649993896484,84.93732452392578,0.0
2,107.01707458496094,103.89926147460938,12.8268404006958,103.22797393798828,103.22797393798828,61.11941146850586,0.0
3,106.26282501220703,103.66608428955078,7.486271381378174,102.8436508178711,102.8436508178711,50.19221878051758,0.0
4,105.77240753173828,103.53553009033203,5.022619247436523,102.56494140625,102.56494140625,45.37458038330078,0.0
5,105.56047058105469,103.43643951416016,3.903684377670288,102.35940551757812,102.35940551757812,39.50800323486328,0.0
6,105.39193725585938,103.3472900390625,3.167729139328003,102.3237075805664,102.3237075805664,35.68379592895508,0.0
7,105.2071762084961,103.26144409179688,2.607388734817505,102.12789916992188,102.12789916992188,32.27576446533203,0.0
8,105.15259552001953,103.2248764038086,2.2800040245056152,101.96401977539062,101.96401977539062,29.886337280273438,0.0
9,105.23978424072266,103.16613006591797,2.1937544345855713,102.01022338867188,102.01022338867188,27.190168380737305,0.0
10,104.82083892822266,103.13294982910156,1.6881030797958374,101.88874816894531,101.88874816894531,25.770145416259766,0.0
11,104.73802185058594,103.09175872802734,1.646318793296814,101.79869842529297,101.79869842529297,24.54585838317871,0.0
12,104.54246520996094,103.08285522460938,1.459606647491455,101.78421783447266,101.78421783447266,23.56479835510254,0.0
13,104.41028594970703,103.02494049072266,1.385328769683838,101.84209442138672,101.84209442138672,22.889179229736328,0.0
14,104.35566711425781,103.02403259277344,1.3316247463226318,101.61408996582031,101.61408996582031,22.106624603271484,0.0
